participant_id	age	sex	hand	weight	height	group	species	bci_experience
sub-1	27.8	n/a	n/a	n/a	n/a	healthy	homo sapiens	n/a
sub-10	27.8	n/a	n/a	n/a	n/a	healthy	homo sapiens	n/a
sub-2	27.8	n/a	n/a	n/a	n/a	healthy	homo sapiens	n/a
sub-3	27.8	n/a	n/a	n/a	n/a	healthy	homo sapiens	n/a
sub-4	27.8	n/a	n/a	n/a	n/a	healthy	homo sapiens	n/a
sub-5	27.8	n/a	n/a	n/a	n/a	healthy	homo sapiens	n/a
sub-6	27.8	n/a	n/a	n/a	n/a	healthy	homo sapiens	n/a
sub-7	27.8	n/a	n/a	n/a	n/a	healthy	homo sapiens	n/a
sub-8	27.8	n/a	n/a	n/a	n/a	healthy	homo sapiens	n/a
sub-9	27.8	n/a	n/a	n/a	n/a	healthy	homo sapiens	n/a
