name	x	y	z	type	material
AF3	-0.035186007467538326	0.10912956509481905	0.05643921471178484	saline	wet
F7	-0.07187662505917264	0.07310352742670875	0.025790455878913307	saline	wet
F3	-0.05180903841183724	0.08668789888287941	0.07871409302883386	saline	wet
FC5	-0.07890597635539306	0.05136738419239063	0.062962347939219	saline	wet
T7	-0.08598207795805729	0.014871638175652204	0.031173373739044698	saline	wet
P7	-0.07445796452347851	-0.04212316495850575	0.04127363138738122	saline	wet
O1	-0.03157355787465608	-0.08056835212663661	0.05478964562404762	saline	wet
O2	0.027683100559624117	-0.08048883980936473	0.0547340814777941	saline	wet
P8	0.07103247088902218	-0.042259976012095204	0.0411988627819509	saline	wet
T8	0.08326136985759491	0.015258189278681375	0.030972968524059938	saline	wet
FC6	0.0778466192866476	0.05209881120036266	0.06286710628925257	saline	wet
F4	0.050274277731628736	0.08743838910239796	0.07727065434234194	saline	wet
F8	0.07143526925150917	0.07450512647808137	0.025101027393177114	saline	wet
AF4	0.0342298581732583	0.10981127208682755	0.05711667432352483	saline	wet
